_key,No.,Ticker,Company,Sector,Industry,Country,Market Cap,P/E,Price,Change,Volume
1,1,AAPL,Apple Inc.,Technology,Consumer Electronics,USA,2420.23B,32.94,146.77,-1.49%,"99,794,962"
2,2,MSFT,Microsoft Corporation,Technology,Software - Infrastructure,USA,2131.80B,39.00,286.54,-0.87%,"31,724,861"
3,3,GOOG,Alphabet Inc.,Communication Services,Internet Content & Information,USA,1878.12B,36.46,2735.93,-2.04%,"2,027,498"
4,4,AMZN,"Amazon.com, Inc.",Consumer Cyclical,Internet Retail,USA,1819.58B,69.01,3626.39,-1.98%,"4,078,949"
5,5,GOOGL,Alphabet Inc.,Communication Services,Internet Content & Information,USA,1738.34B,33.36,2638.00,-1.59%,"2,633,299"
6,6,FB,"Facebook, Inc.",Communication Services,Internet Content & Information,USA,990.45B,31.51,367.81,-1.25%,"15,069,924"
7,7,BRK-B,Berkshire Hathaway Inc.,Financial,Insurance - Diversified,USA,682.30B,-,280.78,0.71%,"3,369,539"
8,8,TSLA,"Tesla, Inc.",Consumer Cyclical,Auto Manufacturers,USA,621.14B,649.98,644.78,-1.95%,"32,667,497"
9,9,V,Visa Inc.,Financial,Credit Services,USA,524.69B,60.00,250.93,0.27%,"6,938,690"
10,10,NVDA,NVIDIA Corporation,Technology,Semiconductors,USA,479.55B,91.08,192.08,-0.45%,"24,647,230"
11,11,JPM,JPMorgan Chase & Co.,Financial,Banks - Diversified,USA,459.34B,10.10,151.45,-0.13%,"11,141,804"
12,12,JNJ,Johnson & Johnson,Healthcare,Drug Manufacturers - General,USA,449.89B,25.96,172.66,0.46%,"7,087,351"
13,13,WMT,Walmart Inc.,Consumer Defensive,Discount Stores,USA,396.44B,33.16,142.64,0.01%,"4,979,846"
14,14,UNH,UnitedHealth Group Incorporated,Healthcare,Healthcare Plans,USA,389.92B,27.41,415.10,0.38%,"2,617,181"
15,15,MA,Mastercard Incorporated,Financial,Credit Services,USA,375.86B,59.76,390.27,-0.64%,"2,754,831"
16,16,PYPL,"PayPal Holdings, Inc.",Financial,Credit Services,USA,347.45B,68.46,300.48,-2.06%,"6,867,095"
17,17,HD,"The Home Depot, Inc.",Consumer Cyclical,Home Improvement Retail,USA,341.50B,23.87,327.26,-1.18%,"2,887,624"
18,18,PG,The Procter & Gamble Company,Consumer Defensive,Household & Personal Products,USA,339.92B,25.91,140.85,0.41%,"7,043,765"
19,19,BAC,Bank of America Corporation,Financial,Banks - Diversified,USA,327.71B,12.71,37.98,-0.39%,"38,944,569"
20,20,DIS,The Walt Disney Company,Communication Services,Entertainment,USA,324.27B,-,179.50,0.43%,"6,667,027"
21,21,ADBE,Adobe Inc.,Technology,Software - Infrastructure,USA,293.52B,53.45,618.28,-0.41%,"1,523,137"
22,22,CMCSA,Comcast Corporation,Communication Services,Entertainment,USA,266.41B,23.18,58.56,-0.24%,"10,292,428"
23,23,NKE,"NIKE, Inc.",Consumer Cyclical,Footwear & Accessories,USA,256.12B,46.23,164.57,-0.31%,"4,329,845"
24,24,ORCL,Oracle Corporation,Technology,Software - Infrastructure,USA,253.52B,19.20,87.80,-0.07%,"8,399,470"
25,25,XOM,Exxon Mobil Corporation,Energy,Oil & Gas Integrated,USA,245.13B,-,57.83,-1.11%,"16,795,026"
26,26,KO,The Coca-Cola Company,Consumer Defensive,Beverages - Non-Alcoholic,USA,244.55B,30.69,57.26,0.35%,"12,658,764"
27,27,PFE,Pfizer Inc.,Healthcare,Drug Manufacturers - General,USA,234.48B,25.27,42.10,0.69%,"32,455,017"
28,28,VZ,Verizon Communications Inc.,Communication Services,Telecom Services,USA,232.96B,11.65,56.20,0.75%,"15,222,405"
29,29,CSCO,"Cisco Systems, Inc.",Technology,Communication Equipment,USA,230.05B,22.94,55.28,-0.34%,"14,628,103"
30,30,NFLX,"Netflix, Inc.",Communication Services,Entertainment,USA,228.46B,54.89,518.91,0.47%,"2,748,254"
31,31,LLY,Eli Lilly and Company,Healthcare,Drug Manufacturers - General,USA,228.18B,36.48,243.58,0.15%,"2,104,264"
32,32,INTC,Intel Corporation,Technology,Semiconductors,USA,226.73B,11.95,53.18,-2.08%,"39,628,454"
33,33,CRM,"salesforce.com, inc.",Technology,Software - Application,USA,225.52B,50.68,243.51,-1.65%,"6,211,019"
34,34,PEP,"PepsiCo, Inc.",Consumer Defensive,Beverages - Non-Alcoholic,USA,215.53B,26.72,157.94,0.55%,"4,005,094"
35,35,ACN,Accenture plc,Technology,Information Technology Services,Ireland,210.25B,35.75,319.89,0.29%,"1,615,129"
36,36,ABT,Abbott Laboratories,Healthcare,Medical Devices,USA,208.39B,33.53,119.81,0.24%,"5,611,850"
37,37,ABBV,AbbVie Inc.,Healthcare,Drug Manufacturers - General,USA,207.20B,41.65,117.96,0.14%,"3,738,250"
38,38,DHR,Danaher Corporation,Healthcare,Diagnostics & Research,USA,205.63B,39.36,290.60,0.14%,"1,723,866"
39,39,TMO,Thermo Fisher Scientific Inc.,Healthcare,Diagnostics & Research,USA,205.38B,26.65,530.28,0.22%,"1,085,377"
40,40,T,AT&T Inc.,Communication Services,Telecom Services,USA,200.35B,-,28.20,0.07%,"34,094,046"
41,41,MRK,"Merck & Co., Inc.",Healthcare,Drug Manufacturers - General,USA,194.55B,28.15,77.85,0.79%,"8,131,304"
42,42,CVX,Chevron Corporation,Energy,Oil & Gas Integrated,USA,193.90B,-,100.61,-0.34%,"8,130,230"
43,43,AVGO,Broadcom Inc.,Technology,Semiconductors,USA,192.27B,44.20,475.36,-1.43%,"1,420,719"
44,44,WFC,Wells Fargo & Company,Financial,Banks - Diversified,USA,188.43B,11.97,45.14,0.29%,"22,065,749"
45,45,COST,Costco Wholesale Corporation,Consumer Defensive,Discount Stores,USA,184.98B,39.90,424.34,0.26%,"1,648,669"
46,46,TMUS,"T-Mobile US, Inc.",Communication Services,Telecom Services,USA,181.51B,66.55,144.82,-0.10%,"4,087,544"
47,47,MS,Morgan Stanley,Financial,Capital Markets,USA,181.45B,12.84,96.48,-0.06%,"8,968,679"
48,48,MCD,McDonald's Corporation,Consumer Cyclical,Restaurants,USA,180.57B,35.82,246.35,0.97%,"3,109,782"
49,49,MDT,Medtronic plc,Healthcare,Medical Devices,Ireland,173.06B,48.94,130.22,1.68%,"4,137,694"
50,50,UPS,"United Parcel Service, Inc.",Industrials,Integrated Freight & Logistics,USA,171.20B,33.07,195.19,-6.99%,"13,677,594"
51,51,TXN,Texas Instruments Incorporated,Technology,Semiconductors,USA,168.28B,25.82,185.13,-1.66%,"4,497,583"
52,52,HON,Honeywell International Inc.,Industrials,Specialty Industrial Machinery,USA,162.38B,35.26,230.36,0.48%,"2,165,952"
53,53,QCOM,QUALCOMM Incorporated,Technology,Semiconductors,USA,156.29B,20.19,140.93,-1.79%,"7,439,976"
54,54,CHTR,"Charter Communications, Inc.",Communication Services,Entertainment,USA,155.03B,41.31,726.75,-0.40%,"646,621"
55,55,PM,Philip Morris International Inc.,Consumer Defensive,Tobacco,USA,153.77B,17.60,99.84,0.81%,"2,870,579"
56,56,LIN,Linde plc,Basic Materials,Specialty Chemicals,United Kingdom,153.64B,54.40,298.85,0.13%,"1,546,910"
57,57,NEE,"NextEra Energy, Inc.",Utilities,Utilities - Regulated Electric,USA,150.58B,36.06,77.86,1.24%,"7,581,267"
58,58,BMY,Bristol-Myers Squibb Company,Healthcare,Drug Manufacturers - General,USA,149.86B,-,67.49,-0.30%,"10,701,703"
59,59,SBUX,Starbucks Corporation,Consumer Cyclical,Restaurants,USA,144.56B,150.93,126.03,-0.02%,"5,831,386"
60,60,UNP,Union Pacific Corporation,Industrials,Railroads,USA,144.44B,24.81,218.03,-0.98%,"3,180,612"
61,61,C,Citigroup Inc.,Financial,Banks - Diversified,USA,140.98B,7.06,67.98,0.31%,"17,118,485"
62,62,INTU,Intuit Inc.,Technology,Software - Application,USA,140.97B,66.95,522.91,-1.21%,"970,989"
63,63,AMGN,Amgen Inc.,Healthcare,Drug Manufacturers - General,USA,138.89B,20.26,244.68,-0.16%,"2,153,672"
64,64,AXP,American Express Company,Financial,Credit Services,USA,137.09B,28.37,172.94,0.19%,"7,920,501"
65,65,LOW,"Lowe's Companies, Inc.",Consumer Cyclical,Home Improvement Retail,USA,134.02B,21.07,193.51,-2.14%,"4,090,483"
66,66,RTX,Raytheon Technologies Corporation,Industrials,Aerospace & Defense,USA,133.68B,-,88.22,2.64%,"8,413,911"
67,67,BLK,"BlackRock, Inc.",Financial,Asset Management,USA,131.14B,24.22,861.88,-1.10%,"472,822"
68,68,BA,The Boeing Company,Industrials,Aerospace & Defense,USA,129.60B,-,222.27,-1.59%,"8,685,581"
69,69,AMT,American Tower Corporation (REIT),Real Estate,REIT - Specialty,USA,128.51B,66.64,286.88,0.80%,"1,225,764"
70,70,IBM,International Business Machines Corporation,Technology,Information Technology Services,USA,126.98B,24.66,142.75,-0.01%,"3,120,097"
71,71,GS,"The Goldman Sachs Group, Inc.",Financial,Capital Markets,USA,126.90B,6.86,374.84,-0.28%,"1,781,404"
72,72,SCHW,The Charles Schwab Corporation,Financial,Capital Markets,USA,125.85B,28.51,67.37,-0.98%,"3,518,601"
73,73,TGT,Target Corporation,Consumer Defensive,Discount Stores,USA,125.85B,21.09,258.36,-0.96%,"3,003,339"
74,74,MRNA,"Moderna, Inc.",Healthcare,Biotechnology,USA,122.32B,261.96,328.50,-2.19%,"17,172,249"
75,75,AMAT,"Applied Materials, Inc.",Technology,Semiconductor Equipment & Materials,USA,122.18B,28.12,134.90,-2.59%,"6,288,286"
76,76,EL,The Estee Lauder Companies Inc.,Consumer Defensive,Household & Personal Products,USA,117.05B,87.92,329.78,-1.06%,"985,505"
77,77,ISRG,"Intuitive Surgical, Inc.",Healthcare,Medical Instruments & Supplies,USA,115.49B,72.85,975.08,0.93%,"354,339"
78,78,MMM,3M Company,Industrials,Specialty Industrial Machinery,USA,115.38B,20.46,200.47,-0.60%,"2,997,789"
79,79,CAT,Caterpillar Inc.,Industrials,Farm & Heavy Construction Machinery,USA,114.78B,34.36,209.90,-0.54%,"2,448,337"
80,80,GE,General Electric Company,Industrials,Specialty Industrial Machinery,USA,114.73B,-,13.08,1.24%,"119,003,664"
81,81,NOW,"ServiceNow, Inc.",Technology,Software - Application,USA,113.11B,772.27,582.29,-0.33%,"1,461,483"
82,82,AMD,"Advanced Micro Devices, Inc.",Technology,Semiconductors,USA,109.48B,38.64,91.03,-0.86%,"67,840,192"
83,83,CVS,CVS Health Corporation,Healthcare,Healthcare Plans,USA,109.27B,14.87,83.64,0.93%,"4,297,313"
84,84,DE,Deere & Company,Industrials,Farm & Heavy Construction Machinery,USA,109.23B,24.37,353.52,-0.55%,"982,531"
85,85,LMT,Lockheed Martin Corporation,Industrials,Aerospace & Defense,USA,103.92B,15.00,374.73,1.81%,"1,458,527"
86,86,SYK,Stryker Corporation,Healthcare,Medical Devices,USA,99.73B,72.64,268.35,1.83%,"1,404,899"
87,87,SPGI,S&P Global Inc.,Financial,Financial Data & Stock Exchanges,USA,99.47B,40.62,412.79,-0.15%,"1,822,135"
88,88,PLD,"Prologis, Inc.",Real Estate,REIT - Industrial,USA,95.03B,62.26,129.19,0.95%,"1,586,636"
89,89,ZTS,Zoetis Inc.,Healthcare,Drug Manufacturers - Specialty & Generic,USA,94.40B,54.43,201.87,0.52%,"1,614,673"
90,90,ANTM,"Anthem, Inc.",Healthcare,Healthcare Plans,USA,93.78B,22.48,382.63,1.09%,"908,589"
91,91,BKNG,Booking Holdings Inc.,Consumer Cyclical,Travel Services,USA,91.87B,132.86,2246.19,0.69%,"308,783"
92,92,FIS,"Fidelity National Information Services, Inc.",Technology,Information Technology Services,USA,91.84B,-,150.86,1.64%,"3,071,625"
93,93,MDLZ,"Mondelez International, Inc.",Consumer Defensive,Confectioners,USA,90.15B,24.76,65.23,0.60%,"6,870,057"
94,94,LRCX,Lam Research Corporation,Technology,Semiconductor Equipment & Materials,USA,88.19B,26.29,622.59,-2.78%,"1,478,734"
95,95,MO,"Altria Group, Inc.",Consumer Defensive,Tobacco,USA,87.51B,20.41,47.79,0.38%,"4,980,134"
96,96,ADP,"Automatic Data Processing, Inc.",Industrials,Staffing & Employment Services,USA,87.26B,36.17,207.89,0.79%,"2,069,658"
97,97,GILD,"Gilead Sciences, Inc.",Healthcare,Drug Manufacturers - General,USA,85.99B,334.61,68.93,0.26%,"5,790,270"
98,98,USB,U.S. Bancorp,Financial,Banks - Regional,USA,83.78B,12.03,56.15,-0.05%,"4,305,623"
99,99,CCI,Crown Castle International Corp. (REIT),Real Estate,REIT - Specialty,USA,83.47B,74.86,194.56,1.21%,"1,402,018"
100,100,MU,"Micron Technology, Inc.",Technology,Semiconductors,USA,83.10B,20.49,74.22,-2.73%,"23,786,890"
101,101,HCA,"HCA Healthcare, Inc.",Healthcare,Medical Care Facilities,USA,82.89B,16.99,247.69,0.79%,"1,543,069"
102,102,TJX,"The TJX Companies, Inc.",Consumer Cyclical,Apparel Retail,USA,81.48B,55.65,68.45,-0.39%,"3,770,815"
103,103,GM,General Motors Company,Consumer Cyclical,Auto Manufacturers,USA,80.80B,8.89,55.00,-1.38%,"13,340,729"
104,104,DUK,Duke Energy Corporation,Utilities,Utilities - Regulated Electric,USA,80.60B,61.27,106.36,1.70%,"2,034,869"
105,105,CI,Cigna Corporation,Healthcare,Healthcare Plans,USA,78.32B,9.84,228.88,0.19%,"3,117,139"
106,106,COP,ConocoPhillips,Energy,Oil & Gas E&P,USA,77.84B,-,56.33,-0.95%,"7,025,001"
107,107,PNC,"The PNC Financial Services Group, Inc.",Financial,Banks - Regional,USA,77.73B,20.75,184.27,-0.14%,"886,697"
108,108,CB,Chubb Limited,Financial,Insurance - Property & Casualty,Switzerland,76.30B,13.75,169.32,0.70%,"1,695,843"
109,109,FDX,FedEx Corporation,Industrials,Integrated Freight & Logistics,USA,75.45B,15.34,282.63,-5.00%,"4,791,996"
110,110,SHW,The Sherwin-Williams Company,Basic Materials,Specialty Chemicals,USA,75.34B,37.27,287.72,0.78%,"1,703,677"
111,111,FISV,"Fiserv, Inc.",Technology,Information Technology Services,USA,75.27B,89.73,114.68,2.99%,"8,201,586"
112,112,CME,CME Group Inc.,Financial,Financial Data & Stock Exchanges,USA,75.19B,39.72,211.92,0.71%,"1,057,969"
113,113,EQIX,"Equinix, Inc. (REIT)",Real Estate,REIT - Specialty,USA,74.27B,184.25,841.83,1.49%,"390,925"
114,114,COF,Capital One Financial Corporation,Financial,Credit Services,USA,74.00B,6.49,162.54,0.12%,"2,150,743"
115,115,MMC,"Marsh & McLennan Companies, Inc.",Financial,Insurance Brokers,USA,73.98B,30.21,146.71,-0.63%,"3,462,570"
116,116,TFC,Truist Financial Corporation,Financial,Banks - Regional,USA,73.72B,14.37,54.95,0.09%,"5,216,972"
117,117,BDX,"Becton, Dickinson and Company",Healthcare,Medical Instruments & Supplies,USA,73.56B,45.33,254.69,2.11%,"909,653"
118,118,CSX,CSX Corporation,Industrials,Railroads,USA,73.26B,21.95,32.38,-1.55%,"8,996,465"
119,119,ITW,Illinois Tool Works Inc.,Industrials,Specialty Industrial Machinery,USA,72.31B,32.70,227.73,0.32%,"848,976"
120,120,MCO,Moody's Corporation,Financial,Financial Data & Stock Exchanges,USA,71.20B,35.53,380.97,0.31%,"618,525"
121,121,CL,Colgate-Palmolive Company,Consumer Defensive,Household & Personal Products,USA,69.79B,27.05,83.95,-0.17%,"4,116,916"
122,122,ILMN,"Illumina, Inc.",Healthcare,Diagnostics & Research,USA,69.70B,114.04,486.25,-1.07%,"517,455"
123,123,ICE,"Intercontinental Exchange, Inc.",Financial,Financial Data & Stock Exchanges,USA,67.57B,32.40,121.05,0.51%,"1,933,716"
124,124,SO,The Southern Company,Utilities,Utilities - Regulated Electric,USA,67.38B,20.30,64.54,1.27%,"5,819,061"
125,125,ADSK,"Autodesk, Inc.",Technology,Software - Application,USA,66.92B,52.77,308.25,-1.71%,"1,036,692"
126,126,EW,Edwards Lifesciences Corporation,Healthcare,Medical Devices,USA,66.86B,82.20,109.90,0.93%,"1,768,641"
127,127,NSC,Norfolk Southern Corporation,Industrials,Railroads,USA,65.44B,29.08,262.93,-0.89%,"976,864"
128,128,ATVI,"Activision Blizzard, Inc.",Communication Services,Electronic Gaming & Multimedia,USA,64.57B,28.35,84.05,-6.76%,"23,097,806"
129,129,BSX,Boston Scientific Corporation,Healthcare,Medical Devices,USA,63.83B,327.41,45.51,3.50%,"14,077,048"
130,130,APD,"Air Products and Chemicals, Inc.",Basic Materials,Chemicals,USA,63.53B,34.22,288.90,-0.08%,"674,752"
131,131,ECL,Ecolab Inc.,Basic Materials,Specialty Chemicals,USA,62.28B,73.04,220.80,0.76%,"1,522,117"
132,132,ETN,Eaton Corporation plc,Industrials,Specialty Industrial Machinery,Ireland,61.95B,43.83,156.14,0.07%,"1,317,957"
133,133,REGN,"Regeneron Pharmaceuticals, Inc.",Healthcare,Biotechnology,USA,61.95B,16.44,581.01,0.56%,"468,270"
134,134,WM,"Waste Management, Inc.",Industrials,Waste Management,USA,61.43B,40.21,146.96,0.18%,"1,875,159"
135,135,D,"Dominion Energy, Inc.",Utilities,Utilities - Diversified,USA,61.20B,23.74,76.83,2.32%,"3,183,210"
136,136,ADI,"Analog Devices, Inc.",Technology,Semiconductors,USA,59.41B,38.80,162.59,-0.80%,"4,024,148"
137,137,HUM,Humana Inc.,Healthcare,Healthcare Plans,USA,59.35B,16.63,467.50,0.04%,"618,711"
138,138,AON,Aon plc,Financial,Insurance Brokers,Ireland,58.58B,28.38,259.58,3.19%,"7,185,811"
139,139,EMR,Emerson Electric Co.,Industrials,Specialty Industrial Machinery,USA,58.35B,27.80,98.34,0.00%,"1,515,943"
140,140,NOC,Northrop Grumman Corporation,Industrials,Aerospace & Defense,USA,57.97B,13.27,362.20,1.10%,"568,941"
141,141,IDXX,"IDEXX Laboratories, Inc.",Healthcare,Diagnostics & Research,USA,57.68B,88.41,686.95,0.19%,"271,266"
142,142,GPN,Global Payments Inc.,Industrials,Specialty Business Services,USA,56.31B,90.55,192.70,0.83%,"1,705,532"
143,143,PGR,The Progressive Corporation,Financial,Insurance - Property & Casualty,USA,55.32B,10.32,95.88,1.31%,"2,208,470"
144,144,GD,General Dynamics Corporation,Industrials,Aerospace & Defense,USA,54.47B,17.56,194.05,1.11%,"1,255,240"
145,145,F,Ford Motor Company,Consumer Cyclical,Auto Manufacturers,USA,54.42B,13.97,13.79,-1.71%,"41,672,175"
146,146,PSA,Public Storage,Real Estate,REIT - Industrial,USA,54.13B,46.84,313.90,0.08%,"696,823"
147,147,DG,Dollar General Corporation,Consumer Defensive,Discount Stores,USA,53.58B,21.18,230.15,0.08%,"875,111"
148,148,NXPI,NXP Semiconductors N.V.,Technology,Semiconductors,Netherlands,53.01B,134.71,194.25,-1.97%,"2,008,635"
149,149,TWTR,"Twitter, Inc.",Communication Services,Internet Content & Information,USA,52.92B,145.69,68.33,-0.52%,"16,802,083"
150,150,FCX,Freeport-McMoRan Inc.,Basic Materials,Copper,USA,52.68B,91.33,36.35,-0.82%,"17,878,674"
151,151,ROP,"Roper Technologies, Inc.",Industrials,Specialty Industrial Machinery,USA,51.39B,52.31,493.32,0.72%,"606,659"
152,152,VRTX,Vertex Pharmaceuticals Incorporated,Healthcare,Biotechnology,USA,51.34B,19.30,202.85,1.97%,"1,817,600"
153,153,CMG,"Chipotle Mexican Grill, Inc.",Consumer Cyclical,Restaurants,USA,50.74B,89.30,1835.12,1.56%,"258,234"
154,154,MET,"MetLife, Inc.",Financial,Insurance - Life,USA,50.70B,46.98,57.74,-0.53%,"3,631,881"
155,155,BIIB,Biogen Inc.,Healthcare,Drug Manufacturers - General,USA,50.43B,17.52,333.96,0.61%,"925,564"
156,156,JCI,Johnson Controls International plc,Industrials,Engineering & Construction,Ireland,50.18B,55.33,70.77,0.18%,"2,806,793"
157,157,NEM,Newmont Corporation,Basic Materials,Gold,USA,49.21B,19.01,61.32,1.54%,"4,141,515"
158,158,MNST,Monster Beverage Corporation,Consumer Defensive,Beverages - Non-Alcoholic,USA,48.78B,35.12,95.18,-0.85%,"3,223,598"
159,159,ALGN,"Align Technology, Inc.",Healthcare,Medical Devices,USA,48.70B,108.77,625.51,-1.58%,"485,098"
160,160,EBAY,eBay Inc.,Consumer Cyclical,Internet Retail,USA,48.26B,18.83,72.29,-1.32%,"8,122,228"
161,161,MSCI,MSCI Inc.,Financial,Financial Data & Stock Exchanges,USA,47.78B,76.05,584.21,1.44%,"325,670"
162,162,KHC,The Kraft Heinz Company,Consumer Defensive,Packaged Foods,USA,47.52B,110.31,39.27,-0.63%,"3,478,897"
163,163,TT,Trane Technologies plc,Industrials,Specialty Industrial Machinery,Ireland,47.35B,42.06,200.77,0.51%,"931,444"
164,164,DOW,Dow Inc.,Basic Materials,Chemicals,USA,46.56B,11.35,61.95,-0.10%,"3,510,033"
165,165,LHX,"L3Harris Technologies, Inc.",Industrials,Aerospace & Defense,USA,46.52B,35.38,228.08,0.92%,"494,147"
166,166,MAR,"Marriott International, Inc.",Consumer Cyclical,Lodging,USA,46.48B,-,143.45,0.67%,"1,659,443"
167,167,KLAC,KLA Corporation,Technology,Semiconductor Equipment & Materials,USA,46.42B,25.93,309.00,-3.02%,"1,072,286"
168,168,IQV,IQVIA Holdings Inc.,Healthcare,Diagnostics & Research,USA,45.83B,116.08,243.18,-1.66%,"1,552,469"
169,169,KMB,Kimberly-Clark Corporation,Consumer Defensive,Household & Personal Products,USA,45.74B,20.45,136.25,0.85%,"2,072,197"
170,170,TROW,"T. Rowe Price Group, Inc.",Financial,Asset Management,USA,45.70B,17.27,203.39,-1.38%,"881,641"
171,171,EXC,Exelon Corporation,Utilities,Utilities - Diversified,USA,45.66B,42.29,47.24,1.79%,"3,585,528"
172,172,TEL,TE Connectivity Ltd.,Technology,Electronic Components,Switzerland,45.33B,43.63,137.65,-0.73%,"1,728,959"
173,173,INFO,IHS Markit Ltd.,Industrials,Consulting Services,United Kingdom,45.20B,72.94,113.28,-0.58%,"2,945,505"
174,174,A,"Agilent Technologies, Inc.",Healthcare,Diagnostics & Research,USA,44.90B,50.23,149.95,-0.20%,"2,079,084"
175,175,CARR,Carrier Global Corporation,Industrials,Building Products & Equipment,USA,44.20B,20.27,51.96,0.87%,"4,056,146"
176,176,AEP,"American Electric Power Company, Inc.",Utilities,Utilities - Regulated Electric,USA,44.10B,19.94,89.39,1.95%,"3,528,027"
177,177,BK,The Bank of New York Mellon Corporation,Financial,Asset Management,USA,43.82B,13.40,50.19,-0.12%,"6,000,852"
178,178,DLR,"Digital Realty Trust, Inc.",Real Estate,REIT - Office,USA,43.50B,101.03,155.38,1.04%,"814,532"
179,179,FTNT,"Fortinet, Inc.",Technology,Software - Infrastructure,USA,43.49B,91.82,271.14,-0.44%,"731,871"
180,180,ROST,"Ross Stores, Inc.",Consumer Cyclical,Apparel Retail,USA,43.27B,50.03,121.63,-0.62%,"2,138,697"
181,181,EOG,"EOG Resources, Inc.",Energy,Oil & Gas E&P,USA,43.14B,734.65,72.73,-1.94%,"4,967,538"
182,182,STZ,"Constellation Brands, Inc.",Consumer Defensive,Beverages - Wineries & Distilleries,USA,43.14B,43.01,226.36,0.68%,"1,176,159"
183,183,DXCM,"DexCom, Inc.",Healthcare,Diagnostics & Research,USA,42.45B,86.51,448.58,-0.88%,"476,198"
184,184,SNPS,"Synopsys, Inc.",Technology,Software - Infrastructure,USA,42.38B,54.60,281.16,-0.96%,"523,617"
185,185,ORLY,"O'Reilly Automotive, Inc.",Consumer Cyclical,Specialty Retail,USA,42.19B,23.14,616.47,-0.50%,"351,085"
186,186,APTV,Aptiv PLC,Consumer Cyclical,Auto Parts,Ireland,42.18B,96.24,158.90,-0.53%,"879,504"
187,187,SPG,"Simon Property Group, Inc.",Real Estate,REIT - Retail,USA,41.67B,35.73,125.87,-0.91%,"1,940,799"
188,188,APH,Amphenol Corporation,Technology,Electronic Components,USA,41.49B,33.73,70.39,-0.49%,"2,816,058"
189,189,SRE,Sempra Energy,Utilities,Utilities - Diversified,USA,41.28B,18.78,132.63,1.48%,"1,219,515"
190,190,BAX,Baxter International Inc.,Healthcare,Medical Instruments & Supplies,USA,40.97B,39.65,82.11,1.66%,"2,300,587"
191,191,AIG,"American International Group, Inc.",Financial,Insurance - Diversified,USA,40.91B,-,47.42,-0.61%,"2,331,127"
192,192,CNC,Centene Corporation,Healthcare,Healthcare Plans,USA,40.89B,16.84,70.47,-3.03%,"6,664,311"
193,193,WBA,"Walgreens Boots Alliance, Inc.",Healthcare,Pharmaceutical Retailers,USA,40.46B,20.22,46.82,-0.91%,"5,071,289"
194,194,KMI,"Kinder Morgan, Inc.",Energy,Oil & Gas Midstream,USA,40.43B,377.66,17.75,-0.45%,"12,348,988"
195,195,CTAS,Cintas Corporation,Industrials,Specialty Business Services,USA,40.41B,40.94,388.86,0.02%,"333,722"
196,196,PAYX,"Paychex, Inc.",Industrials,Staffing & Employment Services,USA,40.26B,37.37,113.22,0.48%,"1,225,515"
197,197,SLB,Schlumberger Limited,Energy,Oil & Gas Equipment & Services,USA,40.19B,-,29.18,-0.95%,"9,306,540"
198,198,EA,Electronic Arts Inc.,Communication Services,Electronic Gaming & Multimedia,USA,39.80B,49.56,141.93,-2.29%,"2,108,731"
199,199,PRU,"Prudential Financial, Inc.",Financial,Insurance - Life,USA,39.59B,15.09,100.53,-0.21%,"1,370,177"
200,200,DD,"DuPont de Nemours, Inc.",Basic Materials,Chemicals,USA,39.50B,-,74.00,-0.87%,"2,345,534"
201,201,PH,Parker-Hannifin Corporation,Industrials,Specialty Industrial Machinery,USA,39.41B,26.31,309.18,-0.02%,"515,118"
202,202,CDNS,"Cadence Design Systems, Inc.",Technology,Software - Application,USA,39.14B,61.33,143.27,-1.17%,"1,491,146"
203,203,ALL,The Allstate Corporation,Financial,Insurance - Property & Casualty,USA,38.90B,5.53,131.45,0.73%,"713,086"
204,204,PPG,"PPG Industries, Inc.",Basic Materials,Specialty Chemicals,USA,38.61B,25.90,165.14,0.12%,"1,733,878"
205,205,DFS,Discover Financial Services,Financial,Credit Services,USA,38.25B,7.96,124.50,-0.19%,"1,260,979"
206,206,RMD,ResMed Inc.,Healthcare,Medical Instruments & Supplies,USA,38.12B,84.58,264.24,1.73%,"502,796"
207,207,OTIS,Otis Worldwide Corporation,Industrials,Specialty Industrial Machinery,USA,37.35B,36.56,88.22,-0.94%,"1,696,117"
208,208,MSI,"Motorola Solutions, Inc.",Technology,Communication Equipment,USA,37.34B,38.59,221.65,-0.46%,"499,526"
209,209,TRV,"The Travelers Companies, Inc.",Financial,Insurance - Property & Casualty,USA,37.24B,10.06,149.38,0.38%,"857,101"
210,210,SYY,Sysco Corporation,Consumer Defensive,Food Distribution,USA,37.18B,-,73.59,0.37%,"1,994,717"
211,211,MCHP,Microchip Technology Incorporated,Technology,Semiconductors,USA,37.03B,104.74,135.95,-2.47%,"2,015,336"
212,212,SBAC,SBA Communications Corporation,Real Estate,REIT - Specialty,USA,36.94B,287.59,340.79,0.77%,"383,296"
213,213,XEL,Xcel Energy Inc.,Utilities,Utilities - Regulated Electric,USA,36.82B,23.94,69.46,1.68%,"2,431,814"
214,214,RSG,"Republic Services, Inc.",Industrials,Waste Management,USA,36.71B,36.51,116.11,0.25%,"886,399"
215,215,WELL,Welltower Inc.,Real Estate,REIT - Healthcare Facilities,USA,36.68B,-,88.27,0.76%,"1,624,918"
216,216,HSY,The Hershey Company,Consumer Defensive,Confectioners,USA,36.62B,26.70,179.24,0.70%,"897,555"
217,217,YUM,"Yum! Brands, Inc.",Consumer Cyclical,Restaurants,USA,36.61B,33.52,125.48,1.64%,"2,247,830"
218,218,IFF,International Flavors & Fragrances Inc.,Basic Materials,Specialty Chemicals,USA,36.56B,81.73,149.16,0.24%,"1,003,592"
219,219,AFL,Aflac Incorporated,Financial,Insurance - Life,USA,36.38B,6.91,53.80,0.19%,"2,553,118"
220,220,CTSH,Cognizant Technology Solutions Corporation,Technology,Information Technology Services,USA,35.84B,24.26,69.13,-0.43%,"3,582,561"
221,221,GIS,"General Mills, Inc.",Consumer Defensive,Packaged Foods,USA,35.79B,15.76,59.55,0.39%,"2,328,843"
222,222,TDG,TransDigm Group Incorporated,Industrials,Aerospace & Defense,USA,35.58B,213.96,648.51,-0.33%,"109,228"
223,223,MPC,Marathon Petroleum Corporation,Energy,Oil & Gas Refining & Marketing,USA,35.44B,-,54.34,-0.59%,"3,599,400"
224,224,PXD,Pioneer Natural Resources Company,Energy,Oil & Gas E&P,USA,35.27B,-,142.68,-1.37%,"1,266,701"
225,225,HLT,Hilton Worldwide Holdings Inc.,Consumer Cyclical,Lodging,USA,35.21B,-,128.50,1.44%,"2,478,568"
226,226,LVS,Las Vegas Sands Corp.,Consumer Cyclical,Resorts & Casinos,USA,34.38B,-,43.62,-3.81%,"11,789,452"
227,227,CPRT,"Copart, Inc.",Industrials,Specialty Business Services,USA,34.29B,41.42,146.06,0.08%,"781,409"
228,228,AZO,"AutoZone, Inc.",Consumer Cyclical,Specialty Retail,USA,34.19B,17.85,1624.95,0.17%,"123,278"
229,229,CMI,Cummins Inc.,Industrials,Specialty Industrial Machinery,USA,34.18B,18.48,233.80,-1.14%,"1,257,426"
230,230,MTD,Mettler-Toledo International Inc.,Healthcare,Diagnostics & Research,USA,34.02B,54.33,1479.88,0.57%,"62,377"
231,231,FRC,First Republic Bank,Financial,Banks - Regional,USA,33.97B,28.05,194.99,-0.48%,"585,376"
232,232,ROK,"Rockwell Automation, Inc.",Industrials,Specialty Industrial Machinery,USA,33.87B,21.63,293.49,-1.45%,"1,016,891"
233,233,GLW,Corning Incorporated,Technology,Electronic Components,USA,33.84B,30.86,40.52,-1.32%,"7,195,373"
234,234,ZBH,"Zimmer Biomet Holdings, Inc.",Healthcare,Medical Devices,USA,33.67B,60.00,162.84,2.00%,"947,258"
235,235,BF-B,Brown-Forman Corporation,Consumer Defensive,Beverages - Wineries & Distilleries,USA,33.66B,38.57,72.47,0.30%,"726,548"
236,236,HPQ,HP Inc.,Technology,Computer Hardware,USA,33.63B,10.07,28.40,-0.28%,"8,971,069"
237,237,LYB,LyondellBasell Industries N.V.,Basic Materials,Specialty Chemicals,USA,32.91B,14.07,99.04,0.50%,"1,189,064"
238,238,PSX,Phillips 66,Energy,Oil & Gas Refining & Marketing,USA,32.70B,-,74.54,0.30%,"1,925,845"
239,239,ADM,Archer-Daniels-Midland Company,Consumer Defensive,Farm Products,USA,32.54B,16.01,58.85,0.70%,"3,980,890"
240,240,SWK,"Stanley Black & Decker, Inc.",Industrials,Tools & Accessories,USA,32.25B,20.54,201.61,-2.12%,"1,467,672"
241,241,DHI,"D.R. Horton, Inc.",Consumer Cyclical,Residential Construction,USA,32.17B,9.33,93.14,0.67%,"1,785,580"
242,242,XLNX,"Xilinx, Inc.",Technology,Semiconductors,USA,31.89B,50.15,131.00,-3.28%,"3,402,151"
243,243,VFC,V.F. Corporation,Consumer Cyclical,Apparel Manufacturing,USA,31.65B,92.83,83.36,0.13%,"1,895,259"
244,244,AVB,"AvalonBay Communities, Inc.",Real Estate,REIT - Residential,USA,31.54B,39.94,228.28,0.92%,"456,466"
245,245,AME,"AMETEK, Inc.",Industrials,Specialty Industrial Machinery,USA,31.49B,39.13,137.03,-0.16%,"633,431"
246,246,CTVA,"Corteva, Inc.",Basic Materials,Agricultural Inputs,USA,31.45B,29.72,42.53,0.43%,"2,850,442"
247,247,EQR,Equity Residential,Real Estate,REIT - Residential,USA,31.39B,47.19,84.84,0.41%,"1,414,267"
248,248,PEG,Public Service Enterprise Group Incorporated,Utilities,Utilities - Diversified,USA,31.25B,15.14,62.85,2.11%,"1,814,392"
249,249,SIVB,SVB Financial Group,Financial,Banks - Regional,USA,31.06B,15.84,554.32,-1.88%,"266,335"
250,250,EFX,Equifax Inc.,Industrials,Consulting Services,USA,31.02B,43.70,258.29,1.25%,"587,538"
251,251,MCK,McKesson Corporation,Healthcare,Medical Distribution,USA,31.01B,-,204.12,0.80%,"992,526"
252,252,FAST,Fastenal Company,Industrials,Industrial Distribution,USA,30.84B,36.14,54.39,0.07%,"4,743,626"
253,253,WMB,"The Williams Companies, Inc.",Energy,Oil & Gas Midstream,USA,30.83B,26.68,25.27,-1.25%,"5,820,023"
254,254,SWKS,"Skyworks Solutions, Inc.",Technology,Semiconductors,USA,30.80B,26.01,188.16,-2.40%,"1,879,784"
255,255,ARE,"Alexandria Real Estate Equities, Inc.",Real Estate,REIT - Office,USA,30.80B,34.87,200.75,2.33%,"1,134,508"
256,256,ANSS,"ANSYS, Inc.",Technology,Software - Application,USA,30.75B,68.39,359.85,-0.94%,"222,252"
257,257,LUV,Southwest Airlines Co.,Industrials,Airlines,USA,30.60B,-,51.15,-1.22%,"4,799,696"
258,258,LEN,Lennar Corporation,Consumer Cyclical,Residential Construction,USA,30.43B,9.47,102.39,1.07%,"1,536,411"
259,259,AWK,"American Water Works Company, Inc.",Utilities,Utilities - Regulated Water,USA,30.36B,43.23,170.20,2.42%,"581,755"
260,260,CBRE,"CBRE Group, Inc.",Real Estate,Real Estate Services,USA,30.30B,36.57,91.35,2.41%,"1,882,414"
261,261,NDAQ,"Nasdaq, Inc.",Financial,Financial Data & Stock Exchanges,USA,30.08B,27.49,185.69,-0.48%,"634,996"
262,262,VRSK,"Verisk Analytics, Inc.",Industrials,Consulting Services,USA,30.07B,43.42,186.70,-0.06%,"669,296"
263,263,WEC,"WEC Energy Group, Inc.",Utilities,Utilities - Regulated Electric,USA,29.93B,24.28,96.50,2.49%,"1,294,281"
264,264,KR,The Kroger Co.,Consumer Defensive,Grocery Stores,USA,29.79B,20.87,40.03,0.60%,"3,982,748"
265,265,STT,State Street Corporation,Financial,Asset Management,USA,29.64B,13.63,85.70,-0.53%,"1,459,610"
266,266,ES,Eversource Energy,Utilities,Utilities - Regulated Electric,USA,29.60B,24.29,87.60,2.07%,"1,339,383"
267,267,ODFL,"Old Dominion Freight Line, Inc.",Industrials,Trucking,USA,29.41B,41.34,259.27,0.19%,"786,788"
268,268,NUE,Nucor Corporation,Basic Materials,Steel,USA,29.29B,41.55,98.38,0.63%,"2,827,468"
269,269,PCAR,PACCAR Inc,Industrials,Farm & Heavy Construction Machinery,USA,29.23B,20.89,84.61,-2.65%,"3,363,625"
270,270,KEYS,"Keysight Technologies, Inc.",Technology,Scientific & Technical Instruments,USA,29.06B,39.75,158.84,-0.71%,"887,669"
271,271,AMP,"Ameriprise Financial, Inc.",Financial,Asset Management,USA,28.69B,-,249.55,-0.64%,"696,115"
272,272,GRMN,Garmin Ltd.,Technology,Scientific & Technical Instruments,Switzerland,28.63B,27.80,152.04,-0.82%,"580,252"
273,273,AJG,Arthur J. Gallagher & Co.,Financial,Insurance Brokers,USA,28.56B,32.38,140.33,0.08%,"1,459,758"
274,274,ZBRA,Zebra Technologies Corporation,Technology,Communication Equipment,USA,28.25B,45.22,540.18,-0.94%,"232,762"
275,275,ANET,"Arista Networks, Inc.",Technology,Computer Hardware,USA,28.02B,43.97,374.63,-0.73%,"283,541"
276,276,BBY,"Best Buy Co., Inc.",Consumer Cyclical,Specialty Retail,USA,27.81B,13.40,114.36,-0.41%,"1,417,392"
277,277,O,Realty Income Corporation,Real Estate,REIT - Retail,USA,27.44B,73.39,71.04,0.54%,"3,491,854"
278,278,WST,"West Pharmaceutical Services, Inc.",Healthcare,Medical Instruments & Supplies,USA,27.41B,67.86,378.38,0.23%,"220,241"
279,279,LH,Laboratory Corporation of America Holdings,Healthcare,Diagnostics & Research,USA,27.40B,10.53,283.13,0.72%,"417,650"
280,280,GNRC,Generac Holdings Inc.,Industrials,Specialty Industrial Machinery,USA,27.32B,61.69,438.92,-1.29%,"685,870"
281,281,BLL,Ball Corporation,Consumer Cyclical,Packaging & Containers,USA,27.20B,36.69,81.12,-0.06%,"1,124,600"
282,282,SYF,Synchrony Financial,Financial,Credit Services,USA,27.11B,8.43,47.23,0.19%,"3,770,403"
283,283,VIAC,ViacomCBS Inc.,Communication Services,Entertainment,USA,26.78B,9.55,41.34,-1.94%,"7,577,683"
284,284,VLO,Valero Energy Corporation,Energy,Oil & Gas Refining & Marketing,USA,26.71B,-,65.58,0.06%,"4,751,993"
285,285,CCL,Carnival Corporation & plc,Consumer Cyclical,Travel Services,USA,26.65B,-,22.80,-1.55%,"26,315,362"
286,286,DAL,"Delta Air Lines, Inc.",Industrials,Airlines,USA,26.63B,-,40.96,-1.70%,"10,452,984"
287,287,WLTW,Willis Towers Watson Public Limited Company,Financial,Insurance Brokers,United Kingdom,26.56B,18.03,206.00,-0.03%,"5,299,838"
288,288,ED,"Consolidated Edison, Inc.",Utilities,Utilities - Regulated Electric,USA,26.26B,22.31,75.53,2.12%,"1,618,622"
289,289,TSN,"Tyson Foods, Inc.",Consumer Defensive,Farm Products,USA,25.96B,12.50,71.77,0.73%,"2,781,165"
290,290,VRSN,"VeriSign, Inc.",Technology,Software - Infrastructure,USA,25.90B,39.74,219.17,-1.70%,"547,494"
291,291,WY,Weyerhaeuser Company,Real Estate,REIT - Specialty,USA,25.80B,19.67,34.85,0.55%,"3,272,130"
292,292,FITB,Fifth Third Bancorp,Financial,Banks - Regional,USA,25.78B,10.61,36.38,0.17%,"4,168,060"
293,293,MXIM,"Maxim Integrated Products, Inc.",Technology,Semiconductors,USA,25.68B,33.49,96.81,-2.43%,"3,216,773"
294,294,HRL,Hormel Foods Corporation,Consumer Defensive,Packaged Foods,USA,25.53B,29.42,47.69,0.91%,"1,230,509"
295,295,CDW,CDW Corporation,Technology,Information Technology Services,USA,24.93B,30.67,181.30,-0.15%,"528,376"
296,296,OXY,Occidental Petroleum Corporation,Energy,Oil & Gas E&P,USA,24.91B,-,26.26,-3.17%,"12,728,379"
297,297,ABC,AmerisourceBergen Corporation,Healthcare,Medical Distribution,USA,24.64B,-,121.41,0.51%,"552,120"
298,298,ETSY,"Etsy, Inc.",Consumer Cyclical,Internet Retail,USA,24.50B,57.77,199.48,-3.19%,"2,783,721"
299,299,EXPE,"Expedia Group, Inc.",Consumer Cyclical,Travel Services,USA,23.84B,-,163.72,0.63%,"1,891,683"
300,300,CERN,Cerner Corporation,Healthcare,Health Information Services,USA,23.80B,30.37,79.35,1.35%,"2,607,037"
301,301,DOV,Dover Corporation,Industrials,Specialty Industrial Machinery,USA,23.66B,27.04,163.83,0.56%,"923,325"
302,302,OKE,"ONEOK, Inc.",Energy,Oil & Gas Midstream,USA,23.64B,20.57,52.92,-1.69%,"2,261,177"
303,303,KSU,Kansas City Southern,Industrials,Railroads,USA,23.64B,198.08,261.47,-2.22%,"1,254,351"
304,304,ENPH,"Enphase Energy, Inc.",Technology,Solar,USA,23.56B,281.53,172.86,-2.16%,"2,736,815"
305,305,GWW,"W.W. Grainger, Inc.",Industrials,Industrial Distribution,USA,23.55B,32.02,456.18,-0.12%,"170,784"
306,306,URI,"United Rentals, Inc.",Industrials,Rental & Leasing Services,USA,23.35B,25.76,326.75,-0.35%,"602,910"
307,307,FTV,Fortive Corporation,Technology,Scientific & Technical Instruments,USA,23.23B,16.96,68.77,-0.29%,"4,765,529"
308,308,NTRS,Northern Trust Corporation,Financial,Asset Management,USA,23.22B,19.14,112.22,-0.25%,"815,314"
309,309,VMC,Vulcan Materials Company,Basic Materials,Building Materials,USA,23.16B,34.14,176.66,0.38%,"493,331"
310,310,HES,Hess Corporation,Energy,Oil & Gas E&P,USA,23.03B,-,74.06,-2.36%,"2,107,850"
311,311,IP,International Paper Company,Consumer Cyclical,Packaging & Containers,USA,22.92B,23.87,58.74,0.51%,"1,868,527"
312,312,WAT,Waters Corporation,Healthcare,Diagnostics & Research,USA,22.90B,38.36,378.52,-0.99%,"335,494"
313,313,DLTR,"Dollar Tree, Inc.",Consumer Defensive,Discount Stores,USA,22.79B,15.93,99.00,-1.58%,"1,718,905"
314,314,PAYC,"Paycom Software, Inc.",Technology,Software - Application,USA,22.77B,155.86,388.56,-0.70%,"200,686"
315,315,DISH,DISH Network Corporation,Communication Services,Entertainment,USA,22.74B,11.06,42.87,0.40%,"2,026,214"
316,316,DTE,DTE Energy Company,Utilities,Utilities - Regulated Electric,USA,22.70B,16.16,118.70,2.43%,"1,724,703"
317,317,MKC,"McCormick & Company, Incorporated",Consumer Defensive,Packaged Foods,USA,22.65B,30.75,85.75,0.43%,"1,164,185"
318,318,VTR,"Ventas, Inc.",Real Estate,REIT - Healthcare Facilities,USA,22.62B,-,60.04,0.49%,"1,483,379"
319,319,EXR,Extra Space Storage Inc.,Real Estate,REIT - Industrial,USA,22.62B,39.05,171.80,0.61%,"861,083"
320,320,IT,"Gartner, Inc.",Technology,Information Technology Services,USA,22.48B,66.67,264.74,0.59%,"344,024"
321,321,ALB,Albemarle Corporation,Basic Materials,Specialty Chemicals,USA,22.34B,56.31,188.99,-3.00%,"1,190,421"
322,322,CLX,The Clorox Company,Consumer Defensive,Household & Personal Products,USA,22.24B,25.52,182.83,-1.50%,"1,586,529"
323,323,HIG,"The Hartford Financial Services Group, Inc.",Financial,Insurance - Diversified,USA,22.18B,13.24,61.90,-0.05%,"1,012,488"
324,324,XYL,Xylem Inc.,Industrials,Specialty Industrial Machinery,USA,22.09B,74.18,123.95,-0.10%,"581,256"
325,325,PPL,PPL Corporation,Utilities,Utilities - Regulated Electric,USA,21.96B,19.79,28.74,1.30%,"4,064,123"
326,326,KMX,"CarMax, Inc.",Consumer Cyclical,Auto & Truck Dealerships,USA,21.92B,19.00,134.97,-0.09%,"743,620"
327,327,MLM,"Martin Marietta Materials, Inc.",Basic Materials,Building Materials,USA,21.70B,29.01,353.29,0.18%,"223,888"
328,328,EIX,Edison International,Utilities,Utilities - Regulated Electric,USA,21.56B,26.58,57.15,2.99%,"2,859,788"
329,329,FE,FirstEnergy Corp.,Utilities,Utilities - Diversified,USA,21.51B,16.07,38.87,0.28%,"6,102,530"
330,330,AEE,Ameren Corporation,Utilities,Utilities - Regulated Electric,USA,21.48B,22.23,84.99,2.09%,"740,262"
331,331,K,Kellogg Company,Consumer Defensive,Packaged Foods,USA,21.47B,16.85,63.71,0.73%,"1,355,728"
332,332,DPZ,"Domino's Pizza, Inc.",Consumer Cyclical,Restaurants,USA,21.42B,43.35,538.01,0.69%,"498,737"
333,333,MAA,"Mid-America Apartment Communities, Inc.",Real Estate,REIT - Residential,USA,21.29B,82.30,188.21,0.75%,"517,171"
334,334,ESS,"Essex Property Trust, Inc.",Real Estate,REIT - Residential,USA,21.28B,51.24,331.80,0.21%,"237,330"
335,335,BKR,Baker Hughes Company,Energy,Oil & Gas Equipment & Services,USA,21.18B,-,20.67,-1.05%,"8,064,283"
336,336,FLT,"FLEETCOR Technologies, Inc.",Technology,Information Technology Services,USA,21.17B,29.84,256.94,0.15%,"424,616"
337,337,CHD,"Church & Dwight Co., Inc.",Consumer Defensive,Household & Personal Products,USA,21.02B,28.21,87.05,0.71%,"1,095,244"
338,338,EXPD,"Expeditors International of Washington, Inc.",Industrials,Integrated Freight & Logistics,USA,21.01B,25.09,126.35,-2.51%,"1,428,369"
339,339,LB,"L Brands, Inc.",Consumer Cyclical,Apparel Retail,USA,20.89B,15.71,77.53,0.09%,"4,074,090"
340,340,ETR,Entergy Corporation,Utilities,Utilities - Diversified,USA,20.76B,13.21,105.34,1.50%,"714,267"
341,341,BIO,"Bio-Rad Laboratories, Inc.",Healthcare,Medical Devices,USA,20.69B,5.17,702.79,2.51%,"134,338"
342,342,TSCO,Tractor Supply Company,Consumer Cyclical,Specialty Retail,USA,20.65B,24.56,184.36,-1.97%,"915,412"
343,343,QRVO,"Qorvo, Inc.",Technology,Semiconductors,USA,20.64B,29.53,187.15,-2.53%,"952,568"
344,344,RCL,Royal Caribbean Group,Consumer Cyclical,Travel Services,USA,20.52B,-,80.56,-0.40%,"3,931,539"
345,345,HBAN,Huntington Bancshares Incorporated,Financial,Banks - Regional,USA,20.44B,12.14,13.91,-0.07%,"7,991,148"
346,346,TRMB,Trimble Inc.,Technology,Scientific & Technical Instruments,USA,20.42B,47.22,82.49,-0.89%,"662,138"
347,347,FOXA,Fox Corporation,Communication Services,Broadcasting,USA,20.32B,10.77,36.20,-0.98%,"1,531,257"
348,348,TER,"Teradyne, Inc.",Technology,Semiconductor Equipment & Materials,USA,20.20B,28.05,123.46,-3.12%,"2,384,289"
349,349,IR,Ingersoll Rand Inc.,Industrials,Specialty Industrial Machinery,USA,20.18B,177.24,48.21,-1.31%,"1,461,966"
350,350,FOX,Fox Corporation,Communication Services,Broadcasting,USA,19.93B,10.12,33.96,-1.05%,"691,169"
351,351,TYL,"Tyler Technologies, Inc.",Technology,Software - Application,USA,19.91B,111.38,492.75,-0.33%,"131,949"
352,352,COO,"The Cooper Companies, Inc.",Healthcare,Medical Instruments & Supplies,USA,19.90B,8.65,410.00,1.08%,"232,143"
353,353,PEAK,"Healthpeak Properties, Inc.",Real Estate,REIT - Healthcare Facilities,USA,19.81B,-,36.97,1.59%,"3,128,365"
354,354,CZR,"Caesars Entertainment, Inc.",Consumer Cyclical,Resorts & Casinos,USA,19.78B,-,92.51,-0.79%,"1,899,668"
355,355,BR,"Broadridge Financial Solutions, Inc.",Technology,Information Technology Services,USA,19.73B,39.02,171.89,-0.28%,"330,661"
356,356,CRL,"Charles River Laboratories International, Inc.",Healthcare,Diagnostics & Research,USA,19.58B,53.32,392.75,-0.13%,"314,384"
357,357,DRI,"Darden Restaurants, Inc.",Consumer Cyclical,Restaurants,USA,19.52B,31.23,149.51,1.47%,"1,966,172"
358,358,CTLT,"Catalent, Inc.",Healthcare,Drug Manufacturers - Specialty & Generic,USA,19.24B,38.53,114.00,0.88%,"562,796"
359,359,TTWO,"Take-Two Interactive Software, Inc.",Communication Services,Electronic Gaming & Multimedia,USA,19.15B,32.96,167.50,-3.12%,"1,472,244"
360,360,AKAM,"Akamai Technologies, Inc.",Technology,Software - Infrastructure,USA,19.11B,33.68,119.85,0.53%,"969,584"
361,361,STX,Seagate Technology Holdings plc,Technology,Computer Hardware,Ireland,18.96B,15.68,85.18,-1.26%,"2,101,741"
362,362,DRE,Duke Realty Corporation,Real Estate,REIT - Industrial,USA,18.93B,53.37,51.29,0.77%,"1,085,593"
363,363,WDC,Western Digital Corporation,Technology,Computer Hardware,USA,18.90B,55.19,62.36,-2.97%,"3,909,107"
364,364,MGM,MGM Resorts International,Consumer Cyclical,Resorts & Casinos,USA,18.89B,-,38.04,-2.93%,"6,039,624"
365,365,CFG,"Citizens Financial Group, Inc.",Financial,Banks - Regional,USA,18.82B,9.89,44.32,0.25%,"2,769,853"
366,366,HAL,Halliburton Company,Energy,Oil & Gas Equipment & Services,USA,18.77B,127.41,20.64,-0.24%,"10,453,602"
367,367,KEY,KeyCorp,Financial,Banks - Regional,USA,18.69B,8.44,19.36,0.05%,"7,250,444"
368,368,CINF,Cincinnati Financial Corporation,Financial,Insurance - Property & Casualty,USA,18.66B,6.14,116.05,-0.62%,"552,016"
369,369,HPE,Hewlett Packard Enterprise Company,Technology,Communication Equipment,USA,18.62B,29.15,14.34,-0.62%,"6,476,082"
370,370,PKI,"PerkinElmer, Inc.",Healthcare,Diagnostics & Research,USA,18.58B,17.81,170.16,-1.13%,"947,881"
371,371,TFX,Teleflex Incorporated,Healthcare,Medical Instruments & Supplies,USA,18.57B,68.15,402.29,1.16%,"388,260"
372,372,RF,Regions Financial Corporation,Financial,Banks - Regional,USA,18.50B,12.77,19.39,0.26%,"4,869,243"
373,373,POOL,Pool Corporation,Consumer Cyclical,Leisure,USA,18.45B,35.88,471.87,1.05%,"236,624"
374,374,ULTA,"Ulta Beauty, Inc.",Consumer Cyclical,Specialty Retail,USA,18.42B,39.28,337.52,-1.96%,"486,630"
375,375,HOLX,"Hologic, Inc.",Healthcare,Medical Instruments & Supplies,USA,18.36B,9.91,72.19,0.92%,"1,885,658"
376,376,STE,STERIS plc,Healthcare,Medical Instruments & Supplies,Ireland,18.32B,46.45,214.86,1.50%,"313,158"
377,377,GPC,Genuine Parts Company,Consumer Cyclical,Specialty Retail,USA,18.23B,22.81,128.88,0.13%,"570,735"
378,378,ROL,"Rollins, Inc.",Consumer Cyclical,Personal Services,USA,18.16B,58.87,37.15,-0.59%,"1,398,426"
379,379,NVR,"NVR, Inc.",Consumer Cyclical,Residential Construction,USA,18.13B,17.77,5106.14,1.46%,"12,132"
380,380,DGX,Quest Diagnostics Incorporated,Healthcare,Diagnostics & Research,USA,18.09B,8.34,139.96,1.14%,"1,150,676"
381,381,BXP,"Boston Properties, Inc.",Real Estate,REIT - Office,USA,18.08B,39.73,116.24,0.75%,"724,058"
382,382,CMS,CMS Energy Corporation,Utilities,Utilities - Regulated Electric,USA,18.05B,22.05,63.22,2.00%,"1,911,113"
383,383,AMCR,Amcor plc,Consumer Cyclical,Packaging & Containers,Switzerland,17.89B,20.93,11.53,0.35%,"4,551,262"
384,384,DVN,Devon Energy Corporation,Energy,Oil & Gas E&P,USA,17.81B,-,25.94,-2.66%,"8,428,691"
385,385,LYV,"Live Nation Entertainment, Inc.",Communication Services,Entertainment,USA,17.80B,-,80.29,-2.30%,"2,248,096"
386,386,RJF,"Raymond James Financial, Inc.",Financial,Capital Markets,USA,17.72B,17.24,129.00,-0.77%,"612,061"
387,387,MKTX,MarketAxess Holdings Inc.,Financial,Capital Markets,USA,17.32B,61.74,466.72,-0.05%,"189,066"
388,388,NTAP,"NetApp, Inc.",Technology,Computer Hardware,USA,17.27B,24.22,77.96,-0.75%,"1,181,434"
389,389,J,Jacobs Engineering Group Inc.,Industrials,Engineering & Construction,USA,17.19B,31.71,133.66,0.26%,"370,040"
390,390,CAH,"Cardinal Health, Inc.",Healthcare,Medical Distribution,USA,17.19B,15.19,59.42,0.75%,"1,491,519"
391,391,MTB,M&T Bank Corporation,Financial,Banks - Regional,USA,17.19B,13.45,133.96,1.29%,"1,307,908"
392,392,JBHT,"J.B. Hunt Transport Services, Inc.",Industrials,Integrated Freight & Logistics,USA,17.10B,29.52,165.39,-0.10%,"375,820"
393,393,IEX,IDEX Corporation,Industrials,Specialty Industrial Machinery,USA,17.06B,44.49,226.25,0.05%,"311,820"
394,394,PFG,"Principal Financial Group, Inc.",Financial,Insurance - Diversified,USA,16.97B,10.64,62.55,-0.14%,"1,057,766"
395,395,CE,Celanese Corporation,Basic Materials,Chemicals,USA,16.91B,8.57,154.10,0.35%,"808,034"
396,396,AVY,Avery Dennison Corporation,Industrials,Business Equipment & Supplies,USA,16.91B,27.31,205.05,-0.12%,"683,725"
397,397,VTRS,Viatris Inc.,Healthcare,Drug Manufacturers - Specialty & Generic,USA,16.73B,-,13.91,0.51%,"5,180,150"
398,398,INCY,Incyte Corporation,Healthcare,Biotechnology,USA,16.65B,35.15,76.34,-1.25%,"1,998,621"
399,399,CAG,"Conagra Brands, Inc.",Consumer Defensive,Packaged Foods,USA,16.37B,12.85,34.22,-0.09%,"2,744,333"
400,400,PTC,PTC Inc.,Technology,Software - Application,USA,16.30B,76.46,143.60,-5.10%,"888,812"
401,401,AES,The AES Corporation,Utilities,Utilities - Diversified,USA,16.28B,-,24.31,1.29%,"5,460,862"
402,402,TDY,Teledyne Technologies Incorporated,Technology,Scientific & Technical Instruments,USA,16.23B,41.46,441.51,-0.78%,"210,207"
403,403,UDR,"UDR, Inc.",Real Estate,REIT - Residential,USA,16.21B,281.68,55.21,0.25%,"1,707,162"
404,404,UAL,"United Airlines Holdings, Inc.",Industrials,Airlines,USA,15.88B,-,48.65,-1.64%,"10,508,056"
405,405,OMC,Omnicom Group Inc.,Communication Services,Advertising Agencies,USA,15.69B,11.80,73.47,0.27%,"1,102,608"
406,406,TXT,Textron Inc.,Industrials,Aerospace & Defense,USA,15.53B,36.60,68.66,0.76%,"736,742"
407,407,WAB,Westinghouse Air Brake Technologies Corporation,Industrials,Railroads,USA,15.47B,37.58,82.01,-0.11%,"902,037"
408,408,EVRG,"Evergy, Inc.",Utilities,Utilities - Regulated Electric,USA,14.98B,20.37,66.30,1.77%,"1,200,036"
409,409,MAS,Masco Corporation,Industrials,Building Products & Equipment,USA,14.94B,20.32,59.71,0.66%,"1,845,821"
410,410,LKQ,LKQ Corporation,Consumer Cyclical,Auto Parts,USA,14.94B,20.08,50.06,-1.80%,"1,991,822"
411,411,LDOS,"Leidos Holdings, Inc.",Technology,Information Technology Services,USA,14.93B,21.41,106.76,0.28%,"559,994"
412,412,BEN,"Franklin Resources, Inc.",Financial,Asset Management,USA,14.92B,13.71,29.44,-1.41%,"3,625,786"
413,413,EMN,Eastman Chemical Company,Basic Materials,Chemicals,USA,14.89B,30.75,110.85,-0.84%,"555,508"
414,414,CNP,"CenterPoint Energy, Inc.",Utilities,Utilities - Regulated Gas,USA,14.82B,23.17,25.69,1.34%,"3,196,793"
415,415,NLOK,NortonLifeLock Inc.,Technology,Software - Infrastructure,USA,14.74B,21.91,25.48,-0.78%,"2,985,080"
416,416,LNT,Alliant Energy Corporation,Utilities,Utilities - Regulated Electric,USA,14.67B,24.28,59.73,1.93%,"1,026,158"
417,417,ABMD,"Abiomed, Inc.",Healthcare,Medical Devices,USA,14.38B,65.20,321.96,-0.94%,"146,469"
418,418,FANG,"Diamondback Energy, Inc.",Energy,Oil & Gas E&P,USA,14.30B,-,78.55,-2.12%,"1,809,939"
419,419,DISCA,"Discovery, Inc.",Communication Services,Entertainment,USA,14.22B,19.60,28.83,-1.74%,"6,523,840"
420,420,HWM,Howmet Aerospace Inc.,Industrials,Specialty Industrial Machinery,USA,14.19B,105.58,32.73,0.68%,"2,385,642"
421,421,CTXS,"Citrix Systems, Inc.",Technology,Software - Application,USA,14.19B,34.90,114.71,-0.05%,"621,290"
422,422,SJM,The J. M. Smucker Company,Consumer Defensive,Packaged Foods,USA,14.16B,16.99,132.00,1.00%,"559,397"
423,423,NWSA,News Corporation,Communication Services,Broadcasting,USA,14.16B,-,24.72,-0.32%,"1,213,486"
424,424,L,Loews Corporation,Financial,Insurance - Property & Casualty,USA,14.13B,-,53.75,-0.41%,"599,478"
425,425,LUMN,"Lumen Technologies, Inc.",Communication Services,Telecom Services,USA,14.13B,-,12.78,-1.08%,"10,443,923"
426,426,XRAY,DENTSPLY SIRONA Inc.,Healthcare,Medical Instruments & Supplies,USA,14.08B,81.82,64.80,1.84%,"1,325,426"
427,427,HAS,"Hasbro, Inc.",Consumer Cyclical,Leisure,USA,14.07B,34.21,101.37,-2.27%,"1,490,480"
428,428,NWS,News Corporation,Communication Services,Broadcasting,USA,13.83B,-,23.51,-0.68%,"338,275"
429,429,AAP,"Advance Auto Parts, Inc.",Consumer Cyclical,Specialty Retail,USA,13.79B,23.09,215.37,0.60%,"698,918"
430,430,AAL,American Airlines Group Inc.,Industrials,Airlines,USA,13.74B,-,21.46,-2.81%,"29,996,572"
431,431,FMC,FMC Corporation,Basic Materials,Agricultural Inputs,USA,13.63B,24.91,106.23,-0.38%,"409,567"
432,432,PHM,"PulteGroup, Inc.",Consumer Cyclical,Residential Construction,USA,13.63B,9.59,53.39,0.06%,"3,489,658"
433,433,CPB,Campbell Soup Company,Consumer Defensive,Packaged Foods,USA,13.45B,16.88,44.69,0.40%,"2,268,389"
434,434,WHR,Whirlpool Corporation,Consumer Cyclical,"Furnishings, Fixtures & Appliances",USA,13.44B,7.31,219.43,-0.34%,"690,338"
435,435,IPG,"The Interpublic Group of Companies, Inc.",Communication Services,Advertising Agencies,USA,13.44B,18.74,35.34,-0.81%,"4,412,417"
436,436,UHS,"Universal Health Services, Inc.",Healthcare,Medical Care Facilities,USA,13.38B,13.49,159.12,2.92%,"1,533,053"
437,437,WRB,W. R. Berkley Corporation,Financial,Insurance - Property & Casualty,USA,13.24B,18.16,74.27,-0.38%,"521,370"
438,438,FBHS,"Fortune Brands Home & Security, Inc.",Consumer Cyclical,"Furnishings, Fixtures & Appliances",USA,13.22B,21.96,97.20,-0.18%,"654,945"
439,439,WRK,WestRock Company,Consumer Cyclical,Packaging & Containers,USA,13.17B,-,49.71,1.00%,"1,952,771"
440,440,ATO,Atmos Energy Corporation,Utilities,Utilities - Regulated Gas,USA,12.97B,18.41,101.10,1.59%,"398,982"
441,441,JKHY,"Jack Henry & Associates, Inc.",Technology,Information Technology Services,USA,12.96B,45.42,176.12,0.18%,"321,664"
442,442,PKG,Packaging Corporation of America,Consumer Cyclical,Packaging & Containers,USA,12.91B,27.06,138.09,2.62%,"800,620"
443,443,MHK,"Mohawk Industries, Inc.",Consumer Cyclical,"Furnishings, Fixtures & Appliances",USA,12.89B,20.98,189.35,-0.90%,"380,760"
444,444,IRM,Iron Mountain Incorporated,Real Estate,REIT - Specialty,USA,12.73B,39.19,43.93,0.73%,"1,513,931"
445,445,DVA,DaVita Inc.,Healthcare,Medical Care Facilities,USA,12.73B,18.07,120.35,0.51%,"453,763"
446,446,CBOE,"Cboe Global Markets, Inc.",Financial,Financial Data & Stock Exchanges,USA,12.33B,25.37,115.58,-2.07%,"503,340"
447,447,PWR,"Quanta Services, Inc.",Industrials,Engineering & Construction,USA,12.20B,25.68,88.09,-0.10%,"639,420"
448,448,FFIV,"F5 Networks, Inc.",Technology,Software - Infrastructure,USA,12.06B,45.52,204.57,6.20%,"1,865,413"
449,449,WYNN,"Wynn Resorts, Limited",Consumer Cyclical,Resorts & Casinos,USA,12.03B,-,100.34,-3.82%,"5,171,736"
450,450,ALLE,Allegion plc,Industrials,Security & Protection Services,Ireland,12.02B,26.87,136.70,-0.98%,"676,927"
451,451,CHRW,"C.H. Robinson Worldwide, Inc.",Industrials,Integrated Freight & Logistics,USA,12.00B,20.67,91.32,-1.28%,"2,228,632"
452,452,PNR,Pentair plc,Industrials,Specialty Industrial Machinery,United Kingdom,11.90B,28.93,71.89,4.64%,"2,200,912"
453,453,SNA,Snap-on Incorporated,Industrials,Tools & Accessories,USA,11.76B,17.70,220.44,0.14%,"515,949"
454,454,LNC,Lincoln National Corporation,Financial,Insurance - Life,USA,11.59B,18.67,60.97,-0.85%,"928,679"
455,455,PENN,"Penn National Gaming, Inc.",Consumer Cyclical,Resorts & Casinos,USA,11.49B,-,71.78,-1.58%,"4,399,692"
456,456,MOS,The Mosaic Company,Basic Materials,Agricultural Inputs,USA,11.49B,11.28,29.95,-1.38%,"2,375,647"
457,457,NWL,Newell Brands Inc.,Consumer Defensive,Household & Personal Products,USA,11.46B,19.44,27.33,-0.29%,"2,443,691"
458,458,HST,"Host Hotels & Resorts, Inc.",Real Estate,REIT - Hotel & Motel,USA,11.43B,-,16.05,-0.80%,"5,414,380"
459,459,TPR,"Tapestry, Inc.",Consumer Cyclical,Luxury Goods,USA,11.39B,47.92,41.02,-0.56%,"2,173,030"
460,460,IVZ,Invesco Ltd.,Financial,Asset Management,USA,11.33B,15.85,24.26,-3.23%,"6,214,695"
461,461,BWA,BorgWarner Inc.,Consumer Cyclical,Auto Parts,USA,11.23B,25.61,47.37,-0.80%,"1,449,263"
462,462,AOS,A. O. Smith Corporation,Industrials,Specialty Industrial Machinery,USA,11.09B,29.16,70.11,0.43%,"815,162"
463,463,TAP,Molson Coors Beverage Company,Consumer Defensive,Beverages - Brewers,USA,11.05B,-,50.01,-0.95%,"1,407,686"
464,464,GPS,"The Gap, Inc.",Consumer Cyclical,Apparel Retail,USA,11.00B,36.01,29.24,-2.53%,"5,226,928"
465,465,REG,Regency Centers Corporation,Real Estate,REIT - Retail,USA,10.99B,73.98,65.32,0.69%,"858,468"
466,466,HSIC,"Henry Schein, Inc.",Healthcare,Medical Distribution,USA,10.94B,25.74,78.67,1.68%,"656,925"
467,467,IPGP,IPG Photonics Corporation,Technology,Semiconductor Equipment & Materials,USA,10.62B,56.76,201.32,-5.41%,"363,039"
468,468,CF,"CF Industries Holdings, Inc.",Basic Materials,Agricultural Inputs,USA,10.14B,25.50,47.37,-0.65%,"2,270,988"
469,469,NRG,"NRG Energy, Inc.",Utilities,Utilities - Independent Power Producers,USA,9.98B,33.21,41.15,1.08%,"1,738,141"
470,470,RHI,Robert Half International Inc.,Industrials,Staffing & Employment Services,USA,9.98B,24.87,95.01,1.52%,"942,473"
471,471,NI,NiSource Inc.,Utilities,Utilities - Regulated Gas,USA,9.91B,70.52,25.60,1.43%,"2,507,154"
472,472,DXC,DXC Technology Company,Technology,Information Technology Services,USA,9.91B,-,39.39,-1.08%,"1,089,072"
473,473,RE,"Everest Re Group, Ltd.",Financial,Insurance - Reinsurance,Bermuda,9.82B,11.73,245.03,0.59%,"253,243"
474,474,NCLH,Norwegian Cruise Line Holdings Ltd.,Consumer Cyclical,Travel Services,USA,9.71B,-,25.45,-2.19%,"12,661,152"
475,475,GL,Globe Life Inc.,Financial,Insurance - Life,USA,9.58B,12.76,93.41,-0.48%,"313,194"
476,476,PNW,Pinnacle West Capital Corporation,Utilities,Utilities - Regulated Electric,USA,9.58B,19.30,86.36,1.73%,"431,747"
477,477,LW,"Lamb Weston Holdings, Inc.",Consumer Defensive,Packaged Foods,USA,9.51B,38.61,65.79,-13.53%,"4,348,823"
478,478,WU,The Western Union Company,Financial,Credit Services,USA,9.48B,12.91,23.35,-0.21%,"2,567,377"
479,479,CMA,Comerica Incorporated,Financial,Banks - Regional,USA,9.46B,8.79,67.63,-0.18%,"792,106"
480,480,AIZ,"Assurant, Inc.",Financial,Insurance - Specialty,USA,9.33B,24.53,156.72,0.60%,"222,198"
481,481,MRO,Marathon Oil Corporation,Energy,Oil & Gas E&P,USA,9.12B,-,11.37,-3.89%,"19,207,384"
482,482,FRT,Federal Realty Investment Trust,Real Estate,REIT - Retail,USA,9.11B,77.58,117.92,1.13%,"585,006"
483,483,JNPR,"Juniper Networks, Inc.",Technology,Communication Equipment,USA,8.97B,44.94,27.64,0.11%,"4,855,326"
484,484,KIM,Kimco Realty Corporation,Real Estate,REIT - Retail,USA,8.89B,8.77,20.72,-0.48%,"6,202,630"
485,485,NLSN,Nielsen Holdings plc,Industrials,Consulting Services,USA,8.62B,73.57,24.13,-1.11%,"2,884,267"
486,486,UAA,"Under Armour, Inc.",Consumer Cyclical,Apparel Manufacturing,USA,8.53B,89.60,20.34,-0.73%,"3,844,917"
487,487,VNO,Vornado Realty Trust,Real Estate,REIT - Office,USA,8.49B,-,44.30,0.00%,"786,056"
488,488,SEE,Sealed Air Corporation,Consumer Cyclical,Packaging & Containers,USA,8.39B,18.25,55.58,0.16%,"816,849"
489,489,ZION,"Zions Bancorporation, National Association",Financial,Banks - Regional,USA,8.38B,7.71,51.68,0.39%,"1,424,273"
490,490,HII,"Huntington Ingalls Industries, Inc.",Industrials,Aerospace & Defense,USA,8.16B,12.34,204.43,-0.36%,"115,156"
491,491,RL,Ralph Lauren Corporation,Consumer Cyclical,Apparel Manufacturing,USA,8.09B,-,110.14,-1.18%,"615,013"
492,492,ALK,"Alaska Air Group, Inc.",Industrials,Airlines,USA,7.95B,-,59.32,-2.05%,"1,546,993"
493,493,UA,"Under Armour, Inc.",Consumer Cyclical,Apparel Manufacturing,USA,7.93B,68.06,17.56,-1.40%,"1,482,251"
494,494,OGN,Organon & Co.,Healthcare,Drug Manufacturers - General,USA,7.66B,-,29.12,-1.82%,"2,002,181"
495,495,PVH,PVH Corp.,Consumer Cyclical,Apparel Manufacturing,USA,7.26B,124.24,102.25,-1.49%,"439,364"
496,496,APA,APA Corporation,Energy,Oil & Gas E&P,USA,7.03B,1031.11,18.56,-1.49%,"8,163,187"
497,497,PBCT,"People's United Financial, Inc.",Financial,Banks - Regional,USA,6.82B,22.55,15.94,1.53%,"3,844,598"
498,498,HBI,Hanesbrands Inc.,Consumer Cyclical,Apparel Manufacturing,USA,6.31B,289.84,18.26,-0.49%,"2,868,514"
499,499,COG,Cabot Oil & Gas Corporation,Energy,Oil & Gas E&P,USA,6.30B,23.34,15.87,-1.92%,"4,537,137"
500,500,LEG,"Leggett & Platt, Incorporated",Consumer Cyclical,"Furnishings, Fixtures & Appliances",USA,6.28B,22.49,47.79,-0.77%,"740,393"
501,501,PRGO,Perrigo Company plc,Healthcare,Drug Manufacturers - Specialty & Generic,Ireland,6.22B,-,47.10,1.88%,"677,973"
502,502,UNM,Unum Group,Financial,Insurance - Life,USA,5.64B,7.22,27.80,-0.57%,"1,175,956"
503,503,NOV,NOV Inc.,Energy,Oil & Gas Equipment & Services,USA,5.56B,-,14.06,-1.33%,"3,688,457"
504,504,FTI,TechnipFMC plc,Energy,Oil & Gas Equipment & Services,United Kingdom,3.46B,15.66,7.36,-0.41%,"4,085,119"
505,505,DISCK,"Discovery, Inc.",Communication Services,Entertainment,USA,-,24.57,27.44,-1.54%,"2,562,884"
